Papel,Segmento,Cotação,FFO Yield,Dividend Yield,P/VP,Valor de Mercado,Liquidez,Qtd de imóveis,Preço do m2,Aluguel por m2,Cap Rate,Vacância Média,Endereço
AAZQ11,Títulos e Val. Mob.,"8,06","18,02%",15.77,"0,93",193.741.000,786744.0,0,"0,00","0,00","0,00%","0,00%",
AFHI11,Títulos e Val. Mob.,"97,03","8,94%",12.27,"1,01",442.032.000,1095490.0,0,"0,00","0,00","0,00%","0,00%",
AGRX11,Híbrido,"10,07","18,01%",15.66,"1,00",180.285.000,303608.0,0,"0,00","0,00","0,00%","0,00%",
AIEC11,Lajes Corporativas,"55,62","16,80%",16.82,"0,66",268.366.000,364874.0,2,"11.184,60","1.935,00","17,30%","0,00%","Avenida das Nações Unidas, 14.171 - Chucri Zaidan - São Paulo - SP,Avenida Presidente Wilson, 118 - Centro - Rio de Janeiro - RJ"
AJFI11,Títulos e Val. Mob.,"8,35","6,86%",7.28,"0,68",264.077.000,527228.0,0,"0,00","0,00","6,30%","0,00%",
ALZR11,Híbrido,"107,71","7,08%",8.95,"1,01",1.316.930.000,2044250.0,17,"4.849,74","331,28","6,83%","0,00%","Avenida Francisco Prestes Maia, 1497, Sem Complemento, Centro, São Bernardo Do Campo/SP, Brasil, 09770-000,Avenida Dos Estados, S/n, Sem Complemento, Vila Metalurgica, Santo Andre/SP, Brasil, 09220-570,Rua Ministro Godoi, 1697, Sem Complemento, Perdizes, Sao Paulo/SP, Brasil, 05015-001,Avenida Professor Ascendino Reis, 549, Sem Complemento, Vila Clementino, Sao Paulo/SP, Brasil, 04027-000,Rua Fritz Reimann, 500, Sem Complemento, Vila Sao Joao, Guarulhos/SP, Brasil, 07044-020,Avenida Carioca, 798, Antigo Numero 70, Lote 30, Vila Carioca, Sao Paulo/SP, Brasil, 04225-002,Avenida Presidente Juscelino Kubitschek De Oliveira, 3530, Sem Complemento, Jardim Moysés Miguel Haddad, São José Do Rio Preto/SP, Brasil, 15093-215,Rua Pacheco Leao, 70, Sem Complemento, Jardim Botanico, Rio De Janeiro/RJ, Brasil, 22460-030,Rua Padre Adelino, 758, Sem Complemento, Quarta Parada, Sao Paulo/SP, Brasil, 03303-000,Avenida Sumare, 1500, Sem Complemento, Perdizes, Sao Paulo/SP, Brasil, 05016-110,Avenida Nacoes Unidas, 51, 51 - 15, Jardim Godoy, Bauru/SP, Brasil, 17021-365,Rod. Dr. Gov. Ademar Pereira De Barros, Km 195, 195, , , Espirito Santo Do Pinhal/SP, Brasil, 13990-000,Avenida Americo Ribeiro Dos Santos, 385, Sem Complemento, Parque Bandeirantes I (nova Veneza), Sumaré/SP, Brasil, 13181-715,Rua Ministro Godoi, 1697, Sem Complemento, Perdizes, Sao Paulo/SP, Brasil, 05015-001,Avenida Duquesa De Goias, 381, Sem Complemento, Real Parque, Sao Paulo/SP, Brasil, 05686-001,Rua Barao De Penedo, 435, Sem Complemento, Cidade Industrial Satelite De Sao Paulo, Guarulhos/SP, Brasil, 07222-015,Avenida Dom Helder Camara, 3.203, Sem Complemento, Del Castilho, Rio De Janeiro/RJ, Brasil, 21050-624"
ARRI11,Títulos e Val. Mob.,"9,07","6,97%",12.31,"1,06",162.559.000,360565.0,0,"0,00","0,00","0,00%","0,00%",
BARI11,Títulos e Val. Mob.,"80,01","10,05%",10.35,"0,87",370.782.000,632753.0,3,"3.450,24","0,00","0,00%","0,00%","Rua Princesa Isabel, nº 94, Brooklin Paulista, São Paulo/SP,Rua Princesa Isabel, nº 94, Brooklin Paulista, São Paulo/SP"
BBFO11,Títulos e Val. Mob.,"72,50","16,22%",10.09,"0,90",290.283.000,368398.0,0,"0,00","0,00","0,00%","0,00%",
BBGO11,Títulos e Val. Mob.,"84,50","17,01%",11.0,"0,86",338.436.000,304076.0,0,"0,00","0,00","0,00%","0,00%",
BCFF11,Títulos e Val. Mob.,"8,47","9,30%",10.27,"0,91",1.706.630.000,3034110.0,0,"0,00","0,00","0,00%","0,00%","Avenida Das Nacoes Unidas, 14261, Sem Complemento, Vila Gertrudes, Sao Paulo/SP, Brasil, 04794-000"
BCIA11,Títulos e Val. Mob.,"103,03","9,12%",9.48,"0,97",383.172.000,640795.0,0,"0,00","0,00","0,00%","0,00%",
BCRI11,Títulos e Val. Mob.,"70,30","12,14%",12.11,"0,81",439.928.000,473015.0,0,"0,00","0,00","0,00%","0,00%",
BLMG11,Outros,"42,34","14,85%",13.4,"0,59",180.741.000,647673.0,2,"97,38","15,71","16,13%","58,43%","Rodovia Prefeito João Zacchi, 1000 - Pinhal, Cabreúva - SP,Cidade de Jandira, Comarca de Barueri, Estado de São Paulo."
BPFF11,Outros,"69,63","15,19%",10.1,"0,92",312.801.000,343604.0,0,"0,00","0,00","0,00%","0,00%",
BPML11,Híbrido,"88,78","-0,70%",8.61,"0,69",660.678.000,1182480.0,4,"5.010,61","796,36","15,89%","7,11%","Rua América Deolindo Garla, 224, Shopping, Lodrina, PR, 86079-225,Av. Severino Ballesteros, 850 - Cabral, Contagem - MG, 32110-005 ,Q. 107, Norte Avenida, NS 5, s/n, Shopping, Palmas, TO, 77001-098,Av. Maestro Paulo e Silva, 400, Shopping, Rio de Janeiro, RJ, 21920-445"
BRCO11,Logística,"115,11","6,93%",8.83,"0,97",1.830.840.000,3191770.0,12,"3.568,71","313,37","8,78%","5,95%","Rodovia Dom Gabriel Paulino Bueno Couto nº 1936 - Itupeva - SP,Avenida D com acesso a Rodovia Presidente Dutra, KM 298, Resende - RJ,Rua Henry Ford, 803 - Osasco - SP,Avenida Tabai-Canoas (BR 386), nº 1.200, Canoas - RS,Rua Olympia Semeraro, nº 381, 675 e 737, São Paulo - SP,Rua Eugênia S. do Rosário, 2800, Londrina - PR,Rodovia Dom Gabriel Paulino Bueno Couto, nº 1606, Itupeva - SP,Avenida Wilson Tavares Ribeiro, nº 1.651 - Contagem - MG,Estrada Turística do Jaraguá, nº 50, Jaraguá, São Paulo - SP,Rod. BR 104 km 57, s/n - Murici - AL,Avenida Helio Ossamu Daikuara nº 1.135, Embu das Artes - SP,Rod. BA-535. km 23, Lauro de Freitas - BA"
BRCR11,Híbrido,"50,20","-0,73%",10.53,"0,56",1.337.240.000,1357820.0,6,"11.506,10","1.612,29","14,01%","6,14%","Avenida Doutor Chucri Zaidan, 1240, Vila Sao Francisco Zona Sul, Sao Paulo/SP, Brasil, 04711-130,Avenida Das Nacoes Unidas, 14401, Vila Gertrudes, Sao Paulo/SP, Brasil, 04794-000,Avenida Das Nações Unidas 8501, Pinheiros, São Paulo, SP, 05425-070,Avenida Henrique Valadares, 28, Centro, Rio De Janeiro/RJ, Brasil, 00020-231,Avenida Das Americas, 4200, Bloco 5, Barra Da Tijuca, Rio De Janeiro/RJ, Brasil, 22640-102,Avenida Joao Cabral De Mello Neto, 850, Barra Da Tijuca, Rio De Janeiro/RJ, Brasil, 22775-057"
BROF11,Híbrido,"47,50","13,90%",13.5,"0,44",551.514.000,509214.0,2,"5.977,01","1.040,57","17,41%","4,64%","Avenida De Ligacao, 1809, Nova Lima/MG, Brasil, 34006-200,Rua Do Passeio, 38, Centro, Rio De Janeiro/RJ, Brasil, 20021-290"
BTAL11,Outros,"77,10","17,81%",11.44,"0,68",461.269.000,691240.0,9,"1.316,00","174,04","13,23%","0,00%","Rodovia Pr 182, Km 34  Maripa/pr, Km 34, Perola Independente , Maripa/PR, Brasil, 85958-000,Rodovia Br 242, Km 75, S/n, Zona Rural, Nova Ubirata/MT, Brasil, 78888-000,Rua Frutal 689, Centro, Iturama/MG, Brasil, 38280-971,Rodovia Pr 364, Km 579 , Palotina/PR, Brasil, 85950-000,Estrada Da Pedreira, 151, 14 De Novembro, Cascavel/PR, Brasil, 85804-180,Rua Rio Verde, 101, Paul, Vila Velha/ES, Brasil, 29115-210,Rodovia Br467, Br 163, Km 256.5, Jardim Europa, Toledo/PR, Brasil, 85907-060,Br 277, Km 533, Centro De Recebimento De Grão I.riedi, Colonia Murillo, Ibema/PR, Brasil, 85478-000,Avenida Presidente Tancredo De Almeida Neves, 1171, Karfan, Itumbiara/GO, Brasil, 75516-475"
BTCI11,Títulos e Val. Mob.,"10,00","11,00%",11.57,"0,99",995.212.000,1702550.0,0,"0,00","0,00","0,00%","0,00%",
BTLG11,Híbrido,"102,67","4,76%",9.19,"0,98",4.440.390.000,9708100.0,21,"3.478,93","235,69","6,77%","2,43%","Rodovia Br470, 04, Machados, Navegantes/SC, Brasil, 88373-330,Rua Perola, 350, N/a, Jardim Santa Esmeralda, Hortolandia/SP, Brasil, 13186-546,Estrada De Sao Goncalo, S/ Nº, Altura Aproximada Do Km 530, Humildes , Feira De Santana/BA, Brasil, 44135-000,Estrada Do Capuava, 1000, Chacara Ondas Verdes, Cotia/SP, Brasil, 06715-725,Rodovia Ba535 Via Parafuso, Km 14, Cep 42849-000, S/n, Polo Logístico, Camacari/BA, Brasil, 42800-331,Avenida Doutor Antonio Joao Abdalla, 2010, Empresarial Colina, Cajamar/SP, Brasil, 07750-020,Rodovia Anhanguera, S/n, Km 308, Parque Residencial Candido Portinari, Ribeirao Preto/SP, Brasil, 14093-500,Estrada Ferreira Guedes, 784, Potuvera, Itapecerica Da Serra/SP, Brasil, 06885-150,Avenida Francisco Roveri, S/n, Parque Almerinda Pereira Chaves, Jundiai/SP, Brasil, 13212-541,Br 116, 2271, Verife, Itaitinga/CE, Brasil, 61880-000,Estrada Municipal Thereza Thomazella, 432, Bairro Dos Pires, Extrema/MG, Brasil, 37640-000,Rua Ronald Cladstone Negri, 557, Polo De Alta Tecnologia De Campinas Polo I, Campinas/SP, Brasil, 13069-472,Estrada Municipal Jose Sedano, 854, Residencial Quilombo Ii, Campinas/SP, Brasil, 13069-387,Rodovia Marechal Rondon, Km 536, 21500, Avenida, Aracatuba/SP, Brasil, 16027-231,Avenida Beirario, 5777, Distrito Industrial Deputado Simao Da Cunha, Santa Luzia/MG, Brasil, 33040-260,Avenida Alberto Soares Sampaio, S/n, Capuava, Maua/SP, Brasil, 09380-000,Rua Dona Catharina Maria De Jesus, 400, Bonsucesso, Guarulhos/SP, Brasil, 07175-500,Avenida Brigadeiro Faria Lima, 186, Pinheiros, Sao Paulo/SP, Brasil, 05426-200,Avenida Charles Goodyear, S/n, Cururuquara, Santana De Parnaiba/SP, Brasil, 06524-115,Rodovia Dom Gabriel Paulino Bueno Couto, Km 80,2, Esquina Com Via Dos Ipes, Bairro Do Jacaré, Cabreuva/SP, Brasil, 13315-000,Avenida Doutor Antonio Joao Abdalla, 3945, Empresarial Colina, Cajamar/SP, Brasil, 07750-020"
BTRA11,Outros,"46,05","51,49%",10.73,"0,42",154.938.000,336093.0,6,"1,72","0,23","13,51%","30,27%","Zona Rural, S/n, Zona Rural, Campo Verde/MT, Brasil, 78840-000,Area Rural, Sn, Sao Desiderio/BA, Brasil, 47820-000,Rodovia Br 364, Km 888, Campo Novo Do Parecis/MT, Brasil, 78360-000,Zona Rural, S/n, Zona Rural, Tapurah/MT, Brasil, 78573-000,Zona Rural, S/n, Zona Rural, Nova Mutum/MT, Brasil, 78450-000,Area Rural, Sn, Nova Maringa/MT, Brasil, 78445-000"
CACR11,,"107,00","6,55%",14.29,"1,08",517.487.000,1453140.0,0,"0,00","0,00","0,00%","0,00%",
CCME11,Outros,"10,27","7,27%",10.45,"0,97",696.276.000,628540.0,2,"6.636,14","438,00","6,60%","13,22%","Avenida Vieira De Carvalho, 99, Sem Complemento, Republica, Sao Paulo/SP, Brasil, 01210-010,Rua Casa Do Ator, 99, Sem Complemento, Vila Olimpia, Sao Paulo/SP, Brasil, 04546-000"
CLIN11,Títulos e Val. Mob.,"97,01","7,82%",9.87,"0,99",421.679.000,1506680.0,0,"0,00","0,00","0,00%","0,00%",
CPSH11,Shoppings,"10,60","5,01%",11.41,"0,93",677.088.000,2748300.0,6,"889,76","55,07","6,19%","6,10%","Avenida Praia De Belas, 1181, Praia De Belas, Porto Alegre/RS, Brasil, 90110-001,Avenida Washington Soares, 85, Edson Queiroz, Fortaleza/CE, Brasil, 60811-900,Rua Goncalves Crespo, 78, Tatuape, Sao Paulo/SP, Brasil, 03066-030,Rodovia Castelo Branco, 0 - Dona Catarina, Sao Roque/SP, Brasil, 18132-900,Rua Goncalves Crespo, 78, Tatuape, Sao Paulo/SP, Brasil, 03066-030,Br-116, Km 236, S/n, Operário, Novo Hamburgo/RS, Brasil, 93310-460"
CPTR11,Títulos e Val. Mob.,"8,41","15,66%",14.87,"0,86",348.006.000,745240.0,0,"0,00","0,00","0,00%","0,00%",
CPTS11,Títulos e Val. Mob.,"8,21","7,02%",10.89,"0,92",2.609.370.000,7816200.0,0,"0,00","0,00","0,00%","0,00%",
CRAA11,Títulos e Val. Mob.,"104,79","2,94%",13.96,"1,04",248.335.000,1012790.0,0,"0,00","0,00","0,00%","0,00%",
CVBI11,Títulos e Val. Mob.,"93,94","11,19%",11.7,"1,00",1.034.300.000,2938960.0,0,"0,00","0,00","0,00%","0,00%",
DEVA11,Títulos e Val. Mob.,"39,85","15,36%",15.67,"0,40",559.690.000,957524.0,0,"0,00","0,00","0,00%","0,00%",
EGAF11,Títulos e Val. Mob.,"94,85","13,17%",15.43,"0,96",297.062.000,584068.0,0,"0,00","0,00","0,00%","0,00%",
EVBI11,Híbrido,"9,98","5,91%",8.64,"1,00",320.959.000,1520250.0,5,"8.030,88","754,18","9,39%","1,51%","Rua Tito, 671, Sem Complemento, Vila Romana, Sao Paulo/SP, Brasil, 05051-000,Avenida Das Americas, 6205, Sem Complemento, Barra Da Tijuca, Rio De Janeiro/RJ, Brasil, 22793-080,Avenida Fabio Barreto, 263, Sem Complemento, Vila Tiberio, Ribeirao Preto/SP, Brasil, 14050-000,Avenida Sao Camilo, 700, Sem Complemento, Granja Viana, Cotia/SP, Brasil, 06709-150,Rua Augusto Tolle, 470, Sem Complemento, Santana, Sao Paulo/SP, Brasil, 02405-000"
FATN11,Híbrido,"91,96","7,05%",11.28,"0,89",315.631.000,997593.0,51,"23.161,30","1.692,33","7,31%","3,36%","Rua Dr. Cardoso de Melo, 1855 ,Rua Teixeira da Silva, 650/660,Av. Brigadeiro Faria Lima, nº 1478,Av. das Nações Unidas, 10.989,Rua Beira Rio, 57,Av. Dr. Cardoso de Melo, 1608,Avenida Engenheiro Luís Carlos Berrini, 105,Rua Fidêncio Ramos, 213 ,Rua Doutor Renato Paes de Barros, 717,Alameda Itu, 852,Rua Helena, 260,Rua Gomes de Carvalho, 1108,Praça João Duran Alonso, 34,Rua Arizona, 1366,Rua Florida, 1738,Avenida Doutor Cardoso de Melo, 1340,Rua Ribeiro do Vale, 152,AL. Campinas, 457,Rua Gomes de Carvalho, 1356,Av. Paulista, 2022,Rua Luigi Galvani, 146,Av. Brigadeiro Faria Lima, 3015,Rua Helena, 218,Av. Paulista, 2022,Rua Tabapuã, 500,Rua Casa do Ator, 1117,Rua Cristiano Viana, 401,Rua Arizona, 1426,Avenida Paulista, 668,Rua do Rócio, 220,Av. Luiz Carlos Berrini, 1461,Rua Gomes de Carvalho, 1329,Rua Funchal, 573,Avenida Brigadeiro Faria Lima, 1234,Av. das Nações Unidas, 11857,Rua James Joule, 92,Rua Dr. Cardoso De Melo, 1336,Rua Funchal, 129,Rua Sansão Alves dos Santos, 76,Avenida Paulista, 925,Rua Tabapuã, 627,Rua Casa do Ator, 1.117,Rua Pequetita, 215,Rua Iaiá, 150,Rua Fidêncio Ramos, 100,Rua Helena. 235,Rua Dr. Cardoso de Melo, 1855 ,Rua James Joule, 92,Rua Funchal, 513,Rua do Rócio, 351,Rua Professor Artur Ramos, 96"
FCFL11,Outros,"115,43","8,78%",9.01,"0,94",401.005.000,316824.0,1,"12.824,50","1.184,04","9,23%","0,00%","Rua Quata, 300, Vila Olímpia, São Paulo/SP, Brasil, 04546-042"
FGAA11,Híbrido,"8,80","13,80%",15.02,"0,92",396.717.000,1200730.0,0,"0,00","0,00","0,00%","0,00%",
GGRC11,Logística,"10,95","8,00%",10.29,"0,97",1.158.540.000,1623030.0,13,"1.388,04","144,15","10,39%","0,00%","Av. Maria Luiza Pompeo de Camargo, 333,Rua Maria Rufino dos Santos Medeiros, 201 Distrito Industrial - João Pessoa - PB,Loteamento Polo Empresarial VTO Igarassu 1 - Igarassu - PE,Avenida Amâncio Gaiolli, 1943 - Guarulhos - SP,Rodovia Palmiro Paes de Barros, 290, Vista Alegre  Cuiabá - MT,Rua dos Portugueses,Rua Álvaro Camerin, nº 51, Distrito Industrial  Tietê - SP,Guabirova, Pelotas - RS,LOTE C123,Rodovia Federal BR 277, S/N KM 600+400, São Miguel do Iguaçu - PR,Rodovia BR 153, s/n, quadra AREA, lote 00C, anexo A, Jd. Paraíso I, Aparecida de Goiânia - GO,Avenida CTR Empresarial, KM 1.480 BR 497, Uberlândia-MG,Acesso pelo KM 117,5 Rodovia BR 101, Itajaí - SC"
GTWR11,Lajes Corporativas,"82,38","11,79%",10.83,"0,81",988.560.000,942131.0,3,"10.918,20","1.387,45","12,71%","0,00%","Setor de Autarquias Norte - Quadra 5 - Lote B - Brasilia / DF,Setor de Autarquias Norte - Quadra 5 - Lote B - Brasilia / DF,Setor de Autarquias Norte - Quadra 5 - Lote B - Brasilia / DF"
GZIT11,Híbrido,"56,70","-10,47%",9.14,"0,60",1.238.400.000,961301.0,5,"8.798,57","994,13","11,30%","3,00%","Rua Coronel Xavier De Toledo, 23, Centro Histórico De São Paulo, Republica, Sao Paulo/SP, Brasil, 01048-000,Avenida Giovanni Gronchi, 5930, Sem Complemento, Vila Andrade, Sao Paulo/SP, Brasil, 05724-002,Rodovia Presidente Dutra Km 230000, S/n, Saida 225, Porto Da Igreja, Guarulhos/SP, Brasil, 07034-911,Av. Washington Luiz, 2.480 - Parque Prado, Campinas - SP, 13042-105,Rua Amador Bueno 229. São Paulo, SP, 04752-005"
HABT11,Títulos e Val. Mob.,"88,85","13,25%",12.88,"0,93",722.065.000,1155550.0,0,"0,00","0,00","0,00%","0,00%",
HBCR11,Outros,"134,86","6,79%",11.56,"1,23",215.776.000,3846210.0,5,"5.027,58","276,63","5,50%","0,00%","Avenida I, número 208, Quadra B-37, Lote 02, bairro Jardim Goiás, CEP 74810-075, da cidade de Goiânia, Estado de Goiás,Rua XV de novembro, número 2.805, bairro Glória, CEP 89216-201, da cidade de Joinville, Estado de Santa Catarina,Rodovia BR-222, n.º 7.100, entre Km. 04 e 05, Tabapuã - Caucaia/CE,Rodovia Raposo Tavares, número 6008, km 16, bairro Rio Pequeno, CEP 05576-000, da cidade de São Paulo, Estado de São Paulo,Avenida Adhemar Ferreira da Silva, s/n, Trevo da Rodovia Dom Pedro I (SP-065), Km 129, Vila Brandina, na Cidade de Campinas, Estado de São Paulo"
HCTR11,Títulos e Val. Mob.,"29,80","13,77%",14.32,"0,26",658.109.000,1182690.0,0,"0,00","0,00","0,00%","0,00%",
HFOF11,Títulos e Val. Mob.,"69,40","9,97%",10.32,"0,90",1.599.280.000,2313970.0,0,"0,00","0,00","0,00%","0,00%",
HGBS11,Shoppings,"212,11","7,27%",9.88,"0,94",2.700.120.000,3593080.0,15,"4.714,02","350,35","7,43%","5,47%","Av. Rotary, 624 - Centro, São Bernardo do Campo - SP,BR-116, 236 - Rio Branco, Novo Hamburgo - RS,Q. 107 Norte Avenida NS 5, s/n - Plano Diretor Norte, Palmas - TO,Av. Santa Barbara, 777 - Vila Mollon IV, Santa Bárbara D Oeste - SP,Av. das Nações Unidas, 4777, São Paulo - SP,R Dr. João Ribeiro, 304 - Penha de França, São Paulo - SP,Rua Cap. Pacheco e Chaves, 313 - Mooca, São Paulo - SP,Av. Rio Negro, 1.100, Franca - SP,Av. Francisco Matarazzo s/n, Bloco B, São Paulo, SP,Av. Giovanni Gronchi, 5819, Morumbi, São Paulo/SP,Rua Conselheiro Moreira de Barros, 2.780, São Paulo - SP,Av. José Monteiro Figueiredo, 500 - Duque de Caxias, Cuiabá - MT,Rua Marcondes Salgado, Quadra 11, Bauru  SP,Rua Sete de Setembro, 555 - Suzano - SP,Rua Manoel da Nobrega, 712, Centro, Diadema - SP"
HGCR11,Títulos e Val. Mob.,"103,40","11,12%",10.78,"1,03",1.594.230.000,2549690.0,0,"0,00","0,00","0,00%","0,00%",
HGFF11,Títulos e Val. Mob.,"84,06","8,64%",9.48,"0,94",240.714.000,521306.0,0,"0,00","0,00","0,00%","0,00%",
HGLG11,Logística,"161,20","6,48%",7.84,"1,02",5.446.560.000,6801320.0,26,"3.242,58","232,27","7,16%","6,43%","Rodovia BR 101, 5225, Cabo de Santo Agostinho, PE,Rodovia BR-381, s/n, km 483, Pista Norte, Jardim Piemonte, Betim, MG,Rua da Harmonia  Parque Industrial de Betim, Betim - MG,Av. Guido Caloi, 1.935, São Paulo, SP,Rodovia Anhanguera, km 31.775, Cidade de Cajamar,Rodovia Eng. Thales de Lorena Peixoto Júnio, Km 9.5, São Carlos, SP,Rua José Semião Rodrigues Agostinho, nº 1.370, Água Espraiada, Embu das Artes,Rua Tobias Bueno de Oliveira, 701, Monte Mor, SP,Estrada Joaquim Bueno Neto, 9835, Itupeva, SP,Rodovia BR 101, 5225, Cabo de Santo Agostinho, PE,Rua Iguaçu, 291/383, Blumenau, SC,Parque Duque, Duque de Caxias - RJ, 25085-009,Av. Hélio Ossamu Daikuara, nº 1.445, Jardim Vista Alegre, Embu das Artes,Avenida das Indústrias, s/n, CPI 5000, Vinhedo, SP,Rua Ambrósio Molina, 1090/1100, São José dos Campos, SP,Rodovia Anhanguera, km 317.5, Ribeirão Preto - SP,Estrada Joaquim Bueno Neto, 9835, Itupeva, SP,Estrada Municipal José Geraldo Aparecido e Rua Josepha Gomes de Souza, Extrema, MG,Estrada do Pedregoso, 900, Freguesia de Campo Grande, RJ,Rodovia SP 101, Km 9,5, Hortolândia , SP,Avenida Parque B, 347, Betim, MG,Avenida SN 1, 280, Parque Duque, Duque de Caxias - RJ,Avenida Piracema, nº 155, quadra 5, lotes 9 a 16 e 17 (parte), Tamboré, Barueri,Avenida Brasil, 3.464, Rio Claro, SP,Rua Atílio Biscuola, 1831, Louveira , SP,Rod. Pres. Castello Branco, altura do Km 34,5 - Ingahi, Cidade de Itapevi"
HGRE11,Lajes Corporativas,"113,79","6,26%",8.81,"0,75",1.344.740.000,1549880.0,16,"7.195,12","668,85","9,30%","26,34%","Rua Martiniano de Carvalho, 851 - São Paulo - SP,Avenida Braz Leme, 1.000 - São Paulo - SP,Avenida Marcos Penteado Ulhôa Rodrigues, 939 - Barueri - SP,Rua Alegria, 86 - São Paulo - SP,Av. Presidente Vargas, 3.131 - Rio de Janeiro - RJ,Rua Verbo Divino, 1.488 - São Paulo - SP,Rua Francisco Nunes, 1.395 - Curitiba - PR,Alameda Campinas, 1.070 - São Paulo - SP,Avenida das Nações Unidas, 11.633 - São Paulo - SP,Av. Maria Coelho Aguiar, 215 - São Paulo - SP,Rua Antônio das Chagas, 1.657 - São Paulo - SP,Rua José Lari e Rua Pedro Mari, Lotes 13 a 23 - Taboão da Serra - SP,Rua Flórida, 1.595 - São Paulo - SP,Av Dr Chucri Zaidan, 2460 - São Paulo - SP,Av. Dolores Alcaraz Caldas, 90 - Porto Alegre - RS,Avenida Eng. Carlos Berrini, 105 - São Paulo - SP"
HGRU11,Híbrido,"127,59","7,49%",8.92,"1,02",2.348.480.000,3326500.0,68,"4.567,45","421,21","9,22%","0,97%","Ladeira Capitão Moraes, 49, Itapecerica da Serra, SP,R. Xv De Novembro, 0352, Paranaguá, PR,Av. Professor Francisco Morato, 2585, Butantã, SP,Av. Rio Branco, 511, Adamantina, SP,R. Dez, 482, Guaíra, SP,R. Nove De Julho, 1223, Mirandópolis, SP,Rod. Curitiba Ponta Grossa, km 65, Barigui, PR,Rua Lúcia Viveiros, 4511, Neópolis, Natal, RN,Rua Sete de Setembro, 608 e 617, Piraju, SP,Av. Rio Grande Do Sul, 671, Marechal Cândido Rondon, PR,Praça Da Matriz, 106, Tatuí, SP,Rod. Fernão Dias, 3700 - Km 3,5, Riacho Pedras, Contagem, MG,R. São Paulo, 540/546/552 e 566, Belo Horizonte, MG,R. Barão De Jundiai, 736, 740 e 744, Jundiaí, SP,Praça Capitão Vicente Dias, 135, São José Do Rio Pardo, SP,Rua Quatá, 67, Vila Olímpia, São Paulo, SP,Rua Amazonas Ribas, 402 e R. São Pedro, 1213, Itararé, SP,R. Assis Figueiredo, 1422, Poços de Caldas, MG,Av. Imperatriz Leopoldina, 550, Vila Leopoldina, São Paulo, SP,Rua Miguel Petroni, 5.170, D.F. Embare Cabeceira do Can Can, São Carlos, SP,Av. Bandeirantes, 892, Bandeirantes, PR,R. Campos Sales, 703, Itapetininga, SP,R. Presidente Antonio Carlos, 160, Passos, MG,Rua Padre Adelino, 685, Belém, SP,R. Treze De Maio, 0186, Amparo, SP,Av. Paraná, Esq. R. D. Pedro Ii, 112, Ibiporã, PR,Praça Rui Barbosa, 157, Olímpia, SP,Rod. Dom Pedro I, km 132, Parque Imperador, SP,Av. Coronel Cacildo Arantes, 50, Parque Hiléia, Uberaba, MG,Av. Dr. Jorge Tibiriça, 565, Cruzeiro, SP,R. São Luiz, 693, Marília, SP,Av. Horácio Klabin, 205 e 215, Telêmaco Borba , PR,Rod. BR 230 - Km. 27, s/nº , Esplanada, João Pessoa, PB,R. Floriano Peixoto, 575, Capão Bonito, SP,R. Vinte E Um De Abril, 162, Lins, SP,Av. Mate Laranjeiras, 496, Guaíra - PR, PR,Rua Xingu, 179, Stiep, BA,R. Floriano Peixoto, 963, 967, 971 e 975, Itu, SP,Av. Presidente Vargas, 670, Presidente Epitácio, SP,Av. Jabaquara, 2979, Mirandópolis, SP,Av. Dom Pedro I, 1100, Taubaté, SP,R. Um De Março, 129, Barra Bonita, SP,R. Dr. Pinheiro, 294/312, Itapeva, SP,Av. Brasil, 1168, Pereira Barreto, SP,Av. Cassiano Ricardo, 1993, Jardim Alvorada, SP,R. Dr. Gabriel Rib. Dos Santos, 40, Apiaí, SP,Av. Condessa D Vimieiros, 17, Itanhaém, SP,Praça Bom Jesus, 154, Palmas, PR,Rod. Raposo Tavares, 23.033, Granja Viana, SP,Rod. BR 050 Km 73, nº 7085, Fazenda Buriti, Uberlândia, MG,Av. Presidente Roosevelt, 902, Dracena, SP,Av. Barão De Mauá, 74, Mauá, SP,Estrada do Ribeira, 144, Atuba, PR,Av.Garcia Rodrigues Paes(Acesso Norte),s/n-Área C4, Joquei Clube II, Juiz de Fora, MG,Av. Rui Barbosa, 447, Carapicuíba, SP,Praça Antonio Carlos, 190, Machado, MG,R. Dr. Ataliba Leonel, 671, Taquarituba, SP,Av. Armando Lombardi, 940, Barra da Tijuca, RJ,Av. Dr. Soares De Oliveira, 280 e 272, 282 e 284 e Rua Dr. Getúlio Vargas, 305, Ituverava, SP,R. General Osório, 323, Ribeirão Preto, SP,Av. Joaquina Ramalho, 340, Vila Guilherme, SP,Av. Angélica, 2563, Bela Vista, SP,R. Vinte, 776, Barretos, SP,R. José Bonifácio, 48, Itapira, SP,R. Deputado Claro César, 200, Pindamonhangaba, SP,Av. Paraná, 4195, Conjunto A, Foz do Iguaçu, PR,R"
HPDP11,Shoppings,"89,50","6,72%",6.83,"0,94",294.276.000,807286.0,1,"2.147,72","159,19","7,41%","1,89%","Av. Guilherme Campos 500, Campinas - SP"
HREC11,Títulos e Val. Mob.,"8,73","11,01%",10.61,"0,97",450.186.000,434210.0,0,"0,00","0,00","0,00%","0,00%",
HSAF11,Títulos e Val. Mob.,"84,72","11,92%",11.4,"0,95",214.033.000,597637.0,0,"0,00","0,00","0,00%","0,00%",
HSLG11,Logística,"86,44","9,32%",9.74,"0,83",1.094.340.000,613472.0,5,"2.591,92","275,91","10,64%","4,95%","Rod. BR 116 (Contorno Leste), nº 7000, no município de São José dos Pinhais, Estado do Paraná,,Avenida Comendador Masatoshi Shinmyo, nº 300, no município de Arujá, estado de São Paulo,Avenida Torquato Tapajós, 5709 - Novo Israel, Manaus - AM,Rodovia Municipal Vereador Joaquim Costa, nº 2000, no município de Contagem, Estado de Minas Gerais,Rodovia Coronel PM Nelson Tranchesi, números 740 e 990, no município de Itapevi, Estado de São Paulo"
HSML11,Shoppings,"96,55","7,08%",9.11,"0,89",2.009.070.000,3358240.0,7,"9.763,58","915,91","9,38%","4,39%","Rodovia Raposo Tavares, Km 23, CEP: 06709-015 Lageadinho - Cotia/SP ,Av. Santa Beatriz da Silva, 1501 - São Benedito Uberaba MG,Rua Paranabi, 218-224, CEP: 02307120, Tucuruvi, São Paulo-SP,Estrada da Floresta, 2320, CEP: 69912900, Floresta Sul, Rio Branco - AC,Avenida Luiz Viana, nº 8544, CEP 41730-101 - Alphaville - Salvador, BA,Av. dos Autonomistas, 1828 - Industrial Autonomistas, Osasco - SP, 06020-010,Av. Menino Marcelo, 3800 - Cidade Universitária, Maceió - AL, 57073-900"
HSRE11,Híbrido,"101,97","6,87%",7.49,"1,07",907.403.000,875335.0,26,"7.654,68","663,94","8,67%","3,72%","Alameda dos Tabajaras nº 50, na Cidade do Rio de Janeiro, Rio de Janeiro,Cidade de Fortaleza, Estado do Ceará, na Avenida Washington Soares, 85,Cidade de Salvador, Estado da Bahia, na Avenida Centenário, 2.992,Cidade do Rio de Janeiro, Rio de Janeiro, na Rua Barão de São Francisco, 236,Cidade de Duque de Caxias, Rio de Janeiro, na Praça Pacificador, 39,Cidade do Rio de Janeiro, Rio de Janeiro, na Rua Conde do Bonfim, 366,Rua Oswaldo Cruz nºs 298 e 290; Rua Sete de Setembro nºs 615, 621, 627 e 631; Rua José Augusto Correa nº 295, e está situado na Cidade de São Luís do Maranhão, Maranhão,Cidade do Rio de Janeiro, Rio de Janeiro, na Avenida Dom Helder Câmara, 5.474,Cidade de Belo Horizonte, Minas Gerais, Rua Goitacazes, 182,Cidade de Maceió, Estado de Alagoas, na Avenida Comendador Gustavo Paiva, 2.990,Cidade de Curitiba, Paraná, na Rua Brigadeiro Franco, 2.300,Cidade de Santo André, São Paulo, na Avenida Pereira Barreto nº 42,Cidade do Rio de Janeiro, Rio de Janeiro, na Rua do Ouvidor, 186,Cidade de Vitória, Espírito Santo, na Avenida Jerônimo Monteiro, 1.000,Cidade do Rio de Janeiro, Rio de Janeiro, na Avenida Nossa Senhora de Copacabana, 749,Cidade de Belém, Pará, na Travessa Padre Eutíquio, 1.078,Cidade de Campinas, São Paulo, na Rua Treze de Maio nº 520,Cidade de Belo Horizonte, Minas Gerais, na Avenida Cristiano Machado, 4.000,Rua Antonio Afonso de Toledo, 512/ 465/ 595 - Jardim Sumare, Araçatuba- SP,Cidade de Goiânia, Goiás, na Avenida T-10, 1.300,Cidade de Salvador, Estado da Bahia, na Avenida Centenário, 2.992,Cidade de Recife, Pernambuco, na Avenida Conde da Boa Vista, 484,Cidade de Belo Horizonte, Minas Gerais, Avenida Presidente Carlos Luz, 3.001,Cidade de Brasília, Distrito Federal, no Setor Comercial Sul Q.6, Asa Sul,Cidade de São Paulo, São Paulo, na Av. São João, 455 e Rua 24 de Maio, 70/90,Cidade de Niterói, Rio de Janeiro, na Rua Quinze de Novembro, 08"
HTMX11,Hotel,"190,82","3,97%",13.68,"1,41",287.057.000,746721.0,21,"197.496,00","13.942,67","7,06%","0,00%","Avenida Brigadeiro Faria Lima, 3989, Itaim Bibi, São Paulo/SP, Brasil, 00004-538,Avenida Santo Amaro, 1411, Vila Nova Conceição, São Paulo/SP, Brasil, 04506-000,Av. Nove de Julho 3957, São Paulo, SP, 01407-000,Rua Fernandes Moreira 1293, São Paulo, SP, 04716-003,Rua Bandeira Paulista 555, São Paulo, SP, 04532-011,Av. Eng. Luís Carlos Berrini 853, São Paulo, SP, 04571-000,Av. Ibirapuera 2577, São Paulo, SP, 04029-200,Rua Iguatemi 150, São Paulo, SP, 01451-010,Rua Manuel Guedes, 320,Jardim Europa, Sao Paulo/SP, Brasil, 04536-070,Rua da Consolação 2303, São Paulo, SP, 01301-100,Rua Guararapes 1889,São Paulo, SP, 04561-004,R. Funchal 281,São Paulo, SP, 04551-060,Rua João Cachoeira 111, São Paulo, SP, 04535-01,Rua Fernandes Moreira 1371,São Paulo, SP, 04716-003,Av. Paulista 2355, São Paulo, SP, 01311-300,Rua Baronesa de Bela Vista, 801 - Vila Congonhas, São Paulo, SP, 04612-002,Rua Arizona 1517,São Paulo, SP, 04567-010,Av. Jandira 501, São Paulo, SP, 04080-001,Rua Quintana 963,São Paulo, SP, 04569-011,Av. Brigadeiro Faria Lima 3989, São Paulo, SP, 04538-133,Rua Haddok Lobo 294,São Paulo, SP, 01414-000"
IRDM11,Títulos e Val. Mob.,"72,00","13,04%",12.81,"0,85",2.623.240.000,3611300.0,0,"0,00","0,00","0,00%","0,00%",
JGPX11,Híbrido,"85,35","13,53%",14.04,"0,90",182.756.000,439128.0,0,"0,00","0,00","0,00%","0,00%",
JSAF11,Títulos e Val. Mob.,"99,71","3,23%",11.13,"1,04",772.985.000,2303730.0,0,"0,00","0,00","0,00%","0,00%",
JSRE11,Híbrido,"64,10","8,22%",8.4,"0,58",1.331.190.000,2183470.0,6,"11.322,50","1.082,70","9,56%","7,85%","Av. Jornalista Roberto Marinho, 85, Cidade Monções, Sao Paulo - SP,Rua Eugênio de Medeiros, 303, Pinheiros, São Paulo - SP,Av. Das Nações Unidas, 14171, São Paulo - SP,Av. Paulista, 2064, Bela Vista, São Paulo - SP,Av. Das Nações Unidas, 14171, São Paulo - SP,Praia de Botafogo, 440, Botafogo, Rio de Janeiro - RJ"
KCRE11,Títulos e Val. Mob.,"9,96","11,63%",10.25,"1,00",358.560.000,407221.0,0,"0,00","0,00","0,00%","0,00%",
KFOF11,Títulos e Val. Mob.,"87,41","7,07%",10.48,"0,93",613.143.000,980809.0,0,"0,00","0,00","0,00%","0,00%",
KISU11,Títulos e Val. Mob.,"8,19","17,10%",10.32,"0,95",361.966.000,676253.0,0,"0,00","0,00","0,00%","0,00%",
KIVO11,Títulos e Val. Mob.,"81,11","10,94%",14.87,"0,90",180.286.000,405539.0,0,"0,00","0,00","0,00%","0,00%",
KNCA11,Títulos e Val. Mob.,"105,45","10,07%",11.57,"1,03",2.277.710.000,2621350.0,0,"0,00","0,00","0,00%","0,00%",
KNCR11,Títulos e Val. Mob.,"105,36","10,74%",10.98,"1,04",7.321.390.000,14238200.0,0,"0,00","0,00","0,00%","0,00%",
KNHF11,Híbrido,"98,34","7,05%",10.68,"0,99",1.933.680.000,2925540.0,2,"22.550,80","312,25","1,38%","0,00%","Avenida Horácio Lafer, 160, São Paulo - SP,Avenida Presidente Juscelino Kubitschek, 1.830, São Paulo - SP"
KNHY11,Títulos e Val. Mob.,"106,02","6,85%",11.34,"1,05",2.986.530.000,4052730.0,0,"0,00","0,00","0,00%","0,00%",
KNIP11,Títulos e Val. Mob.,"96,50","12,69%",9.5,"1,01",7.727.540.000,7750740.0,0,"0,00","0,00","0,00%","0,00%",
KNRI11,Híbrido,"154,01","6,12%",7.44,"0,95",4.343.710.000,4905120.0,19,"4.974,33","377,68","7,59%","0,16%","Rua Voluntários da Pátria, 113, Botafogo, Rio de Janeiro - RJ,Avenida Caminho de Goiás, 100, Rodovia Anhanguera, km 66, Jundiaí - SP,Rua Humaitá, 275, Humaitá, Rio de Janeiro - RJ,Avenida Presidente Juscelino Kubitschek, 1.830, São Paulo - SP,Estrada da Lama Preta, 2.805, Santa Cruz, Rio de Janeiro - RJ,Rua do Níquel, 205, Parque Industrial, Itaquaquecetuba - SP,Avenida dos Andradas, 3000, Santa Efigênia, Belo Horizonte - MG,Rodovia Vice Prefeito Hermenegildo Tonolli, km 2, Jundiaí - SP,Rua Gomes de Carvalho, 1.195, Vila Olimpia, São Paulo - SP,Rua Diogo Moreira, 184, São Paulo - SP,Rua Dr. Fernandes Coelho, 64, Pinheiros, São Paulo - SP,Rodovia Mogi-Dutra (SP-088), 11.100 (km 41,4), Mogi das Cruzes - SP,Rua Buenos Aires, 15, Centro, Rio de Janeiro - RJ,Avenida Parque Industrial, 580, Sumaré - SP,Av. Nações Unidas, 14.171 , São Paulo - SP,Rua Joaquim Floriano, 913, Itaim Bibi, São Paulo - SP,Avenida Paulista, 2.421, Bela Vista, São Paulo - SP,Rodovia Fernão Dias, km 863, Algodão, Pouso Alegre - MG,Rod. Dom Gabriel Paulino Bueno Couto, km 82 - Cabreúva - SP28,42"
KNSC11,Títulos e Val. Mob.,"9,26","8,66%",9.92,"1,03",1.229.340.000,3129380.0,0,"0,00","0,00","0,00%","0,00%",
KNUQ11,Títulos e Val. Mob.,"106,13","4,88%",9.48,"1,05",1.625.120.000,2127890.0,0,"0,00","0,00","0,00%","0,00%",
KORE11,Títulos e Val. Mob.,"105,45","7,79%",8.52,"0,99",1.014.960.000,1938280.0,4,"16.217,20","855,02","5,27%","1,72%","Rua Alexandre Dumas, 2100, Santo Amaro, São Paulo - SP,Avenida Roque Petroni Junior, 999, Jardim das Acacias, São Paulo - SP,Alameda Santos, 2477, Jardim Paulista, São Paulo - SP,Praia de Botafogo, 300, Botafogo, Rio de Janeiro - RJ"
LASC11,Shoppings,"112,82","3,33%",6.22,"0,90",331.724.000,1658810.0,2,"15.852,00","1.377,52","8,69%","2,30%","Rua Doutor Silvio Bastos Tavares, 268, Parque Leopoldina, Campos Dos Goytacazes/RJ, Brasil, 28051-250,Rodovia Augusto Montenegro, 804, Lote 21 Da Antiga Fazenda Val-de-cães, Mangueirao, Belem/PA, Brasil, 66640-000"
LGCP11,Logística,"85,13","12,75%",9.44,"0,83",330.269.000,385856.0,5,"3.016,45","375,13","12,44%","0,84%","RUA SIMAO ANTONIO, 255  CINCAO
CEP: 32.371-610 - CONTAGEM  MG,RODOVIA BR 262, nº 222
VILA BETANIA CEP: 29.136-930
VIANA/ES,AV. BRASIL, n.41.432 LOT 1 PARTE 2 PAL 48862 LOT 1 PARTE 1
PAL 48862
Bairro CAMPO GRANDE - Rio de Janeiro - RJ- CEP: 23.078-001,RUA AMÂNCIO GAIOLLI, 426 - ÁGUA CHATA CEP:07.251-250 - GUARULHOS - SP,Rod BR 153, S/N Compl. KM 5.5 QD CH LT SALA 01- Bairro Fazenda Retiro
CEP: 74.620-430
Goiânia  GO"
LIFE11,Outros,"10,55","12,35%",13.31,"1,05",245.481.000,425647.0,0,"0,00","0,00","0,00%","0,00%",
LVBI11,Logística,"111,59","7,20%",9.11,"0,89",1.798.670.000,4797920.0,8,"23,64","2,28","9,66%","0,00%","Estrada Dos Alpes, 320, , Jandira, Barueri/SP, Brasil, 00006-423,Avenida Portugal, 400, Sem Complemento, Itaqui, Itapevi/SP, Brasil, 06696-060,Avenida Papa Joao Xxiii, 3059, Sem Complemento, Loteamento Industrial Coral, Maua/SP, Brasil, 09370-800,Rua Pedro De Alcantara Meira, 1001, Sem Complemento, Fazenda Velha, Araucaria/PR, Brasil, 83704-530,Avenida Mutinga 4935. 4935, Bairro Pirituba, Pirituba, Sao Paulo/SP, Brasil, 05110-903,Avenida Juiz Marco Tulio Isaac, 7001, Sem Complemento, Riacho Da Areia, Betim/MG, Brasil, 32671-072,Km 947.5 Rodovia Fernao Dias,, 947, Minas Gerais, , Extrema/MG, Brasil, 00037-640,Estrada Do Rio Pequeno, S/n, Sem Complemento, Loteamento Fazenda Rio Pequeno, Santo Andre/SP, Brasil, 09161-100"
MALL11,Shoppings,"110,98","17,20%",8.83,"0,93",1.439.740.000,3675010.0,10,"4.283,31","518,64","12,11%","3,64%","Rod. Régis Bittencourt, 2643, Jardim Helena - Taboão da Serra - SP,Av. Henrique Terra, 1700 - Palmeiras, Cabo Frio - RJ,
28911-320, Rodovia Washington Luiz, nº 2.895, Parque Duque,
Duque de Caxias  RJ,Av. Gov. Agamenon Magalhães, 153 - Santo Amaro,
Recife - PE, 50110-000,Rod. dos Metalúrgicos, 1189 - São Geraldo, Volta
Redonda - RJ, 27253-005,Av. Comendador Gustavo Paiva, 2990 - Mangabeiras,
Maceió - AL, 57032-901,Av. João Durval Carneiro, 3665, Caseb - Feira de Santana - BA,R. Sete de Setembro, 555 - Jardim dos Ipês, Suzano -
SP, 08674-210,Estrada do Portela, nº 222, Madureira, Rio de Janeiro - RJ,:R. Jacy Teixeira de Camargo, 940 - Jardim do Lago, Campinas - SP, 13050-913"
MANA11,Títulos e Val. Mob.,"9,28","3,60%",12.49,"0,98",348.335.000,681054.0,0,"0,00","0,00","0,00%","0,00%",
MCCI11,Títulos e Val. Mob.,"90,07","10,56%",11.45,"0,95",1.527.590.000,3191460.0,0,"0,00","0,00","0,00%","0,00%",
MCHY11,Títulos e Val. Mob.,"9,39","6,07%",15.15,"0,96",1.047.910.000,4172850.0,0,"0,00","0,00","0,00%","0,00%",
MFII11,Híbrido,"104,50","5,26%",13.4,"0,97",544.695.000,698912.0,5,"240,83","0,00","0,00%","0,00%","Av. Corifeu de Azevedo Marques, 3870, Butantã, São Paulo - SP,Av. Corifeu de Azevedo Marques, 3870, Butantã, São Paulo-SP,Rua Joaquim Galvão, 346 - Vila Sônia, São Paulo - SP,Av. Paes de Barros, 455, Alto da Mooca, São Paulo - SP,Rua Luís Gemin, Bairro Descampado, Campinas - SP"
MXRF11,Híbrido,"10,14","7,50%",11.52,"1,04",4.434.480.000,13632800.0,3,"101.360,00","0,00","0,00%","0,00%","Avenida José Caballero. 283, Vila Bastos, Santo André,Rua Maria Monteiro. 861, Campinas, São Paulo,Rua Franz Schubert. 184, Jardim Europa, São Paulo"
NEWL11,Híbrido,"122,98","21,43%",9.13,"0,67",250.031.000,392003.0,3,"2.547,61","487,21","19,12%","0,00%","Rua Iza Costa, 1104 - Goiania,Av. Jerome Case, 2600 - Soracaba,Rodovia RSC 453, nº 32503 - Caxias do Sul"
OUJP11,Híbrido,"80,20","13,90%",13.06,"0,81",260.841.000,793822.0,0,"0,00","0,00","0,00%","0,00%",
PATL11,Logística,"61,57","11,98%",10.88,"0,63",307.329.000,442547.0,4,"1.978,18","291,88","14,75%","0,00%","Av. Nossa Senhora Auxiliadora, 831, Jundiaí - SP, CEP: 13214-855,Av. José Carlos Costa, 688  Ribeirão das Neves, MG,Av. Nossa Senhora Auxiliadora, 901, Jundiaí - SP, CEP: 13214-855,Av. Industrial Alda Mendes Bernardes, 1881  Itatiaia, RJ"
PMIS11,Títulos e Val. Mob.,"9,36","6,22%",6.19,"0,99",117.000.000,318884.0,0,"0,00","0,00","0,00%","0,00%",
PORD11,Títulos e Val. Mob.,"8,82","12,21%",12.23,"0,92",328.843.000,595177.0,0,"0,00","0,00","0,00%","0,00%",
PVBI11,Lajes Corporativas,"93,69","5,76%",8.24,"0,89",2.541.820.000,4996420.0,7,"24.284,60","1.510,51","6,22%","15,55%","Avenida Brigadeiro Faria Lima, 4440, Itaim Bibi, São Paulo/SP, Brasil, 04538-132,Rua Elvira Ferraz, 68, Vila Olímpia, São Paulo/SP, Brasil, 04552-040,Avenida Brigadeiro Luis Antonio, 3521, Jardim Paulista, Sao Paulo/SP, Brasil, 01401-001,Rua Ministro Jesuino Cardoso, 454, 1º, 2º, 7º E 10º Pavimentos, Vila Nova Conceicao, Sao Paulo/SP, Brasil, 04544-051,Rua Leopoldo Couto Magalhaes Junior, 822, Itaim Bibi, Sao Paulo/SP, Brasil, 04542-000,Avenida Cidade Jardim, 803, Itaim Bibi, Sao Paulo/SP, Brasil, 01453-000,Rua Fidencio Ramos, 302, Vila Olimpia, Sao Paulo/SP, Brasil, 04551-010"
RBFF11,Títulos e Val. Mob.,"61,31","9,93%",9.4,"0,93",229.864.000,356363.0,0,"0,00","0,00","0,00%","0,00%",
RBHG11,Títulos e Val. Mob.,"83,50","9,46%",11.95,"0,94",181.024.000,382693.0,0,"0,00","0,00","0,00%","0,00%",
RBRF11,Títulos e Val. Mob.,"7,51","9,04%",9.32,"0,86",1.027.430.000,2469040.0,0,"0,00","0,00","0,00%","0,00%",
RBRL11,Logística,"80,35","9,72%",10.35,"0,79",537.303.000,391646.0,5,"2.393,87","264,27","11,04%","0,00%","Est Carlos Roberto Prataviera, nº 650, Hortolândia, Comarca de Sumaré/SP,Estrada Municipal Vargem do João Pinto nº 450, Gleba 1 - Extrema/MG,Rod. Presidente Tancredo Neves, km45,Estrada Municipal Luiz Lopes Neto, nº 21, Bairro dos Tenentes - Extrema/MG,Condomínio Tech Town, unid nº7, Rodovia SP 101, Hortolândia, Comarca de Sumaré/SP"
RBRP11,Outros,"58,52","4,68%",8.43,"0,74",712.726.000,1199470.0,6,"10.769,80","649,92","6,03%","0,00%","Rua Cincinato Braga, 340 - Bela Vista - São Paulo - SP,Av. República do Chile, 230  Centro, Rio de Janeiro - RJ,Av. Brigadeiro Faria Lima nº 1.461, Pinheiros, São Paulo/SP,Rua Casa do Ator, 1.155 - Vila Olímpia - São Paulo - SP,Rua Gerivatiba, esquina com a Rua Pirajussara, nºs 71,
87 e 95, com frente também para a Rua Desembargador Armando Fairbanks, nº 32,
Pinheiros, São Paulo  SP.,Avenida Venezuela, 43 - Saúde - Rio de Janeiro - RJ"
RBRR11,Títulos e Val. Mob.,"91,23","8,15%",10.31,"0,97",1.373.670.000,2871510.0,0,"0,00","0,00","0,00%","0,00%",
RBRX11,Títulos e Val. Mob.,"9,09","6,32%",13.51,"0,94",267.870.000,1025740.0,0,"0,00","0,00","0,00%","0,00%",
RBRY11,Títulos e Val. Mob.,"95,94","8,39%",13.13,"0,98",1.225.110.000,3479380.0,0,"0,00","0,00","0,00%","0,00%",
RBVA11,Outros,"107,99","8,46%",11.32,"1,00",1.348.290.000,1351640.0,71,"6.668,52","756,97","11,35%","5,39%","Avenida Jorge Zarur, 100,Rua Sesefredo Klein Doll, 12,Av. Indianópolis, 2.125,Rua Desembargador Góes Cavalcante, 261,Av. Liberdade, 151,Av. Sto. Amaro, 3332 ,Rua Mariz e Barros, 79,R. Pedro Vicente, 222,Av. Padre Antônio Jose Dos Santos, 872,Praça Visconde de Mauá, 20,R. Marechal Deodoro, 460,Rua Dr. Nilo Peçanha, 125,Av. Paulista, 1.227,Rua Floriano Peixoto, 915,Av Eng. Luiz Carlos Berrini, 1307,Rua Antônio Vieira, 24 - Loja A,Estrada de Taipas, 355,Rua Oscar Freire, 585, Jardins,Av. João Pinheiro, 500,Rua Visconde de Pirajá, 127,Rua das Palmeiras, 233 - loja,Rua Imperador Dom Pedro II, 255,Av. Marechal Câmara, nº 160,Rua Salvador Gianetti, 436,Av. Rio Branco, 311-B,Rua Alves Guimarães, 50,Rua Marechal Deodoro, 195,-,Av. Rio Branco, 1.675 - loja,Rua Paes Leme, 250/258,Estrada do Pernambuco, 500,Rua Dr. Feliciano Sodré, 111,Rua 7 de Setembro, 1100,Avenida Vereador João Batista Fitipaldi, 115,Rua Haddock Lobo, 1573, Jardins,R. Barao de Jundiai, 884,Rua Pedro I, 373,Rua Dias da Cruz, 28-A,Via Anchieta, 1.558,Rua João de Almeida, 72,Rua dos Italianos, 609,Av. Mateo Bei, 413,Av. Afrânio de Melo Franco, 131,Av. Mateo Bei, 3286,Av. República do Chile, nº 230,Av. de Pinedo, 228,Av. das Américas, 15.545,Rua Serra do Japi, 647,Av. Rio Branco, 115,Avenida Salgado Filho, 1301  Centro,Av. Marechal Floriano Peixoto, nº 2.370,Rua Guerino Giovani Leardini, 63/67,Rua Santa Filomena, nºs 677, 687 e 697, Centro,Av. Duque de Caxias, 200 - Sta. Ifigênia,Av Paulista 447 Loja ,Lg. Páteo do Colégio, 1,EQ 406/407-SUL  Lote 1 - Brasília - DF,Rua. Senador Flaquer, 305,-,Avenida das Esmeraldas, 512,Av. Santa Catarina, 287,Rua Buenos Aires, 48,Av. do Cursino, 1348,Av. Senador Queiroz, nº 85 a 111 - Lj 1 a 3,Av. Paulista, 726 - L1,Rua 12, 239,Av. do Imperador, 3892,Est. Rio do A, 1131,Av. Barão de Itapura, 2233,Av. Paulista, 436"
RCRB11,Lajes Corporativas,"132,61","3,77%",8.24,"0,65",489.423.000,718575.0,9,"12.023,50","1.123,58","9,34%","1,77%","Praia do Flamengo nº 154, Flamengo, Rio de Janeiro/RJ,Rua Olimpiadas. 205, São Paulo SP,Avenida Paulista, 37, São Paulo/SP,Rua Surubim, 373, Brooklin Novo, São Paulo/SP,Alameda Santos, 1.800 - Jardins,Av. Juscelino Kubitschek, 510, Itaim Bibi, São Paulo/SP,Rua Girassol, 555  Vila Madalena,Rua da Candelária nº 65, Centro, Rio de Janeiro/RJ,Alameda Santos, 1163, Cerqueira César, São Paulo/SP"
RECR11,Títulos e Val. Mob.,"84,80","11,95%",11.82,"0,91",2.242.250.000,2677350.0,1,"42.063,10","0,00","0,00%","100,02%","Edifício Morumbi Plaza Avenida Dr. Chucri Zaidan, 150 -Bloco A"
RECT11,Híbrido,"34,92","13,91%",13.46,"0,38",298.339.000,326531.0,9,"3.919,59","796,97","20,33%","10,08%","SHCS Q.6 BL A, 7º, 8º E 12º andares - Brasília - DF,Corporate Emiliano, Rua Emiliano Perneta, 480, Curitiba, PR,Alameda Rio Claro, 190, Bela Vista, São Paulo - SP,Av. Dona Ana Costa, nº 433, cidade de Santos - SP,Complexo Madeira, Alameda Madeira, nº 328, na cidade de Barueri - SP,Av. Europa, nº 884, Jardim América, São Paulo - SP,Av. Ayrton Senna, 2200 - Barra da Tijuca - Rio de Janeiro - RJ,Alameda Xingu, 512 - Alphaville - Barueri - SP,Av. Tamboré, 267 - Alphaville - Barueri - SP"
RINV11,Títulos e Val. Mob.,"109,35","3,48%",12.96,"1,02",211.991.000,446574.0,0,"0,00","0,00","0,00%","0,00%",
RPRI11,Títulos e Val. Mob.,"92,95","9,25%",11.94,"0,93",322.697.000,389678.0,0,"0,00","0,00","0,00%","0,00%",
RURA11,Títulos e Val. Mob.,"10,05","11,70%",12.12,"1,00",1.609.000.000,2559440.0,0,"0,00","0,00","0,00%","0,00%",
RVBI11,Títulos e Val. Mob.,"74,20","5,40%",12.18,"0,90",762.480.000,1350970.0,0,"0,00","0,00","0,00%","0,00%",
RZAG11,Títulos e Val. Mob.,"8,99","21,80%",13.88,"0,94",611.683.000,1672690.0,0,"0,00","0,00","0,00%","0,00%",
RZAK11,Títulos e Val. Mob.,"82,43","15,12%",16.15,"0,92",726.034.000,2347030.0,0,"0,00","0,00","0,00%","0,00%",
RZAT11,Híbrido,"98,27","-63,26%",12.57,"0,97",364.402.000,789079.0,13,"1.644,48","108,66","6,61%","3,26%","Avenida Santos Dumont, 4235, Loteamento Jardim Marilu, Vila Aeroporto, Mirassol/SP, Brasil, 15135-160,Rodovia Br 060, Km 504, Sem Complemento, Parque Industrial, Jatai/GO, Brasil, 75800-001,Rodovia Juscelino Kubitscheck De Oliveira  Br 364, S/n, Sem Complemento, Área Rural De Frutal, Frutal/MG, Brasil, 00038-207,Avenida Juscelino Kubitschek De Oliveira, 154, Blocos A, B, C, Centro, Votorantim/SP, Brasil, 18110-901,Distrito, S/n, Sem Complemento, Dois Corregos, Dois Corregos/SP, Brasil, 17300-000,Avenida Costa E Silva, 1275, Sem Complemento, Vila Progresso, Campo Grande/MS, Brasil, 79050-410,Avenida Industrial, 601, , Recanto, Nova Odessa/SP, Brasil, 13380-118,Alameda Das Mansoes, 414, Chacaras 414 415 441 442 412 413 443 E 444, Chacaras Mansoes Rosas De Ouro, Goiania/GO, Brasil, 74470-060,Setor 17, Quadra 0416, S/n, Distrito, Dois Corregos, Dois Corregos/SP, Brasil, 17300-000,Rua Professor Luciano Prata, 204, Sem Complemento, Vila Baruel, Sao Paulo/SP, Brasil, 02510-020,Avenida Perimetral Norte, 10002, Sem Complemento, Setor Vila João Vaz, Goiania/GO, Brasil, 74583-285,Rodovia Br020, 527, Sem Complemento, Campo Grande, Caucaia/CE, Brasil, 61663-015,Brasilia, Quadra 24, Módulo 1, Setor Habitacional Mestre D armas (planaltina), Brasília/DF, Brasil, 00073-405"
RZTR11,Híbrido,"94,74","12,90%",11.89,"0,94",1.786.010.000,4126940.0,17,"2,23","0,35","15,49%","24,40%","Zona rural de Canarana/MT,Zona rural de Sorriso/MT,Zona rural de São Jose do Xingú/MT,Zona rural de Wanderlândia/TO,Zona rural de Rio Verde/GO,Zona rural de Bom Jesus/PI,Zona rural de Serranópolis/GO,Zona rural de Campo Verde/MT,Zona rural de de Tupiratins/TO,Zona rural de Formosa do Rio Preto/BA,Zona rural de Buriticupu/MA,Zona rural de Sorriso/MT,Zona rural de Sambaíba /MA,Zona rural de Serranópolis/GO,Zona rural de Nova Ubiratã/MT,Zona rural de Sorriso/MT"
SARE11,Híbrido,"40,55","12,02%",10.83,"0,46",374.452.000,882982.0,3,"1.842,01","267,30","14,51%","0,00%","Avenida Tucunaré , 720, Tamboré - CEP: 06460-020, Barueri - SP,Avenida João Pessoa, nº 500, Jardim Utinga, Cidade de Santo André  São Paulo - SP, CEP 09230-650,Rua Bela Cintra, 755, São Paulo - SP"
SNAG11,Híbrido,"10,30","10,54%",12.49,"1,02",515.000.000,1949090.0,3,"143,17","9,78","6,83%","0,00%","Rodovia BR-163/ Sorriso - MT,Rodovia MT-130/ Primavera do Leste - MT,Rodovia MT-130/ Primavera do Leste - MT"
SNCI11,Títulos e Val. Mob.,"97,30","11,48%",12.04,"0,99",408.660.000,479171.0,0,"0,00","0,00","0,00%","0,00%",
SNEL11,Híbrido,"9,17","2,94%",9.52,"1,27",173.296.000,509768.0,1,"0,00","0,00","0,10%","0,00%",
SNFF11,Títulos e Val. Mob.,"91,05","7,60%",11.36,"1,02",257.672.000,531265.0,0,"0,00","0,00","0,00%","0,00%",
SPXS11,Híbrido,"9,41","9,50%",12.89,"0,99",189.979.000,649293.0,0,"0,00","0,00","0,00%","0,00%",
TEPP11,Lajes Corporativas,"89,55","1,81%",10.35,"0,91",378.077.000,1368810.0,5,"11.142,20","988,41","8,87%","0,00%","Rua Treze de Maio, nº 1.633  Bela Vista  São Paulo  SP,Av. Brigadeiro. Luís Antônio, nº 3.172 x Al. Lorena Jardim Paulista - São Paulo - SP,Rua Paes Leme, 524, no 45º Subdistrito  Pinheiros, São Paulo  SP,Avenida Brigadeiro Faria Lima, 1355  6º ao 10º andares - Jardim Paulistano - São Paulo - SP,Rua James Joule, 65 - Berrini - São Paulo - SP"
TGAR11,Híbrido,"120,15","9,40%",12.57,"1,05",2.831.690.000,8446090.0,5,"77,04","0,89","1,15%","0,00%","Ruas NC-07 e NC-08, s/n, Trindade - GO,Portal do Lago I e II, Catalão - GO,Avenida 85, 603, Goiânia - GO, 74823-310,Rodovia dos Romeiros, s/n, Trindade - GO,Rodovia GO-060, s/n, Turvânia- GO"
TRBL11,Logística,"97,00","5,92%",9.35,"0,97",750.692.000,877070.0,6,"1.884,04","290,96","15,44%","0,00%","BR 040, KM 23 - Contagem/MG,Rodovia BR 324, KM 530 em Feira de Santana/BA,Rodovia Índio Tibiriçá, nº 6.000,Rua Prof. João Cavalheiro Salem, 1.289 Bonsucesso, Guarulhos/SP,Rua Dona Catharina Maria de Jesus, nº 418 Guarulhos/SP"
TRXB11,Híbrido,"142,00","7,34%",9.01,"1,27",455.220.000,1112970.0,15,"1.721,26","190,63","11,08%","0,00%","Avenida Capitão Mário Toledo de Camargo, 5855, Vila Luzita - Santo André/SP ,Avenida Padre Orlando de Morais, 2147, Parque Amazônia - Goiânia/GO,Rua Coronel Ponciano de Mattos, 785, Conjunto Habitacional Terra Roxa - Dourados/MS,Rodovia Amaral Peixoto, s/nº, Jardim Campomar - Rio das Ostras/RJ,ua Benfica, 715, Madalena - Recife/PE ,Avenida Cesar Borges, s/nº, São Judas Tadeu - Jequié/BA,Avenida Milão, Quadra 50/51 - Lotes 1, 1/15 e 1/19, Jardim Europa - Goiânia/GO,Avenida Nações Unidas, s/nº (Quadra 6), Centro - Bauru/SP ,Rua José Seabra Batista, 30, Jardins - Aracaju/SE ,Avenida Presidente Kennedy, 501, São Cristóvão - Teresina/PI,Avenida do Aeroporto, 13, Jardim Bahia - Paulo Afonso/BA,Avenida Independência, s/nº, Setor Central - Goiânia/GO ,Avenida Assis Chateaubriand, 1110, Liberdade - Campina Grande/PB ,Avenida República do Líbano, Quadra 56 - Setor 56, Setor Oeste - Goiânia/GO ,Rua México, 160, Centro - Araruama/RJ"
TRXF11,Híbrido,"106,16","-2,80%",10.45,"1,00",2.126.980.000,8840600.0,29,"4.292,78","392,12","9,13%","0,00%","Av. Gov. Jorge Teixeira, 3500 - Industrial, Porto Velho - RO, 76821-064,Avenida Marte, 624  Alphaville ,Rua Aricambú, 65 - Cordovil - Rio de Janeiro - RJ,Praça Tuím  Lote 02  Quadra 206,Avenida Dr. José Ramon Urtiza, 1000  Panamby,Avenida José Paulino, nº 2.600,Rodovia do Açucar, Km 06, s/nº - Santa Rita - Piracicaba - SP,Avenida Guadalajara, s/nº - Jardim Glória,Av. Epitacio Pessoa, S/N, Gleba C - Alto da Alianca, Juazeiro - BA,Av. Barreto de Menezes, 800 - Piedade, Jaboatão dos Guararapes - PE - Loja 05,Rua Maranhão, 975  Santa Paula,Avenida José Júlio da Costa, s/n - Ferroviários - MG,Avenida Prof. João Fiusa, S/N  Jardim Canada,Rua das Figueiras, nº 1.021  Operário,Avenida Regente Feijó, nº 823,Rua Prudente de Moraes, s/nº - Vila Amorim - Suzano - SP,Avenida Maria Servidei Demarchi, 1897  Demarchi,Av. Dr. Ulisses Guimarães, 423 - Jardim Amazonas, Petrolina - PE,Av. Engenheiro George Corbisier, 273 - Jabaquara, São Paulo - SP,Avenida Bady Bassitt, 5.300,Av. Waldemar Alves, 230 - São Vicente, Araçatuba - SP, 16050-005,Avenida Prof. João Fiusa, S/N  Jardim Canada ,Rua Dr. Ademar de Barros, 50  Jardim Europa,Av. Waldemar Alves, 230 - São Vicente, Araçatuba - SP, 16050-005,Av. Antônio Carlos C de Barros, 365  Vila José Lório,Avenida Senador Saraiva, 835,Alameda Horto da Bela Vista - Salvador -BA,Avenida Padre Anchieta, 4.580  Vila Vermelha,Estrada do Benguí, n° 386 Benguí - Belém - PA"
TVRI11,Lajes Corporativas,"103,57","10,32%",8.74,"1,02",1.648.800.000,1022300.0,62,"4.092,36","501,92","12,26%","4,57%","Rua Julio Conceição,Praça General Valadão,Rua Voluntários da Pátria,Rua S. Bento, 483 / Rua Libero Badaro, 582,Rua Domingos de Moraes,Av. Pres. Kennedy,Rua Augusto Ribas,Rua da Bahia,Rua Bento Gonçalves,Rua XV de Novembro,Praça XV de Novembro,Av. Pres. Vargas,Rua Espirito Santo,Rua Nossa Senhora da Lapa,Av. Afonso Pena,Rua Dr. Costa Aguiar,AV.Duque de Caxias ,Rua Tamoios,731/Rua Guarani, 504,Rua Felinto Muller, 2104/Pres.Jose Linhares, 50,Av. Gov. Pedro de Toledo,Rua Bom Pastor,Rua Paulo Eiro,471/Praça Floriano Peixoto, 254,QD. 1, BL.G, LT. 32,Praça Rui Barbosa,Praça XV de Novembro,Av. Jabaquara,Av. Goias - QD.14,Av. Afonso Pena,Av. 13 de Maio,Av. Penha de Franca,Rua Rio de Janeiro,Rua Marques de Herval (Edificio Satelite),Rua Barore,Av. Bernardino de Campos,Av. Conselheiro Carrão,Av. Rio Branco,Alameda dos Jurupis,Rua Conde Bonfim,Rua Honorio Silveira Dias,Av. Rangel Pestana,Av. Geremario Dantas,Rua Dr. Nelson D Avila,Praça José Bonifácio,SEPN QUADRA 504 BL B EDIFICIO VIRGO,Av. Santa Marina,Rua Duque de Caxias,Pr.Tiradentes,410/Al.Dr. Muricy,760/Rua Candido Lop,Av.Santos Dumont,SDN CONJ A LOJA C-03 2 PAVIMENTO,Rua Pinheiros,Rua Guilherme Moreira,Av.Bartolomeu Mitre,Rua XV de Novembro,Praça Rui Barbosa, 1-55/ Rua Ant. Alves, 9-38,Av.N.Sra.Copacabana,Praça das 4 Jornadas,Av. Ernani Amaral Peixoto,Rua 7 de Setembro,Rua Joaquim Nabuco,Rua Halfeld,Rua Voluntários de S. Paulo,Praça Cardeal Arcoverde"
URPR11,Outros,"82,86","12,29%",13.42,"0,81",972.271.000,1425780.0,0,"0,00","0,00","0,00%","0,00%",
VCJR11,Títulos e Val. Mob.,"92,50","12,71%",10.82,"0,97",1.361.970.000,1562100.0,0,"0,00","0,00","0,00%","0,00%",
VCRA11,Títulos e Val. Mob.,"81,30","18,50%",14.64,"0,78",373.486.000,797688.0,0,"0,00","0,00","0,00%","0,00%",
VGHF11,Híbrido,"8,98","4,60%",12.16,"1,00",1.479.200.000,3731680.0,0,"0,00","0,00","0,00%","0,00%",
VGIA11,Títulos e Val. Mob.,"9,03","16,85%",14.56,"0,94",780.690.000,1966700.0,0,"0,00","0,00","0,00%","0,00%",
VGIP11,Títulos e Val. Mob.,"88,51","11,11%",11.34,"0,97",1.043.290.000,1435510.0,0,"0,00","0,00","0,00%","0,00%",
VGIR11,Títulos e Val. Mob.,"10,09","11,84%",13.21,"1,04",1.155.470.000,3973140.0,0,"0,00","0,00","0,00%","0,00%",
VGRI11,,"9,06","3,71%",6.37,"0,93",303.405.000,436571.0,5,"5.578,79","245,96","4,41%","6,51%","Avenida Indianópolis, n.º 3.096, Indianópolis, Cidade de São Paulo, Estado de São Paulo, CEP 04062-003,Rua Volkswagen, n.º 291, Jabaquara, Cidade de São Paulo, Estado de São Paulo, CEP 04344-020,Avenida Cidade Jardim, nº 803, Jardim Paulistano, Cidade de São Paulo, Estado de São Paulo, CEP 01453-000,Avenida Paulista, n.º 1.374, Bela Vista, Cidade de São Paulo, Estado de São Paulo, CEP 01310-100,Rua Verbo Divino, nº 1.488 e Rua José Guerra, nº 130, Chácara Santo Antônio, 29º Subdistrito  Santo Amaro, Cidade de São Paulo, Estado de São Paulo, CEP 04719-904"
VILG11,Logística,"88,00","8,54%",8.27,"0,77",1.319.770.000,2037910.0,15,"2.312,74","232,97","10,07%","6,58%","Av. Dr. Kenkiti Shimomoto, Nº 1.678, Osasco - SP,Cidade de Eldorado do Sul, na Av. Industrial Belgraf, n° 765 - RS,Avenida das Quaresmeiras, n. 200, Pouso Alegre - MG,Cidade Cachoeirinha, Rio Grande do Sul, RS 118, nº 12760,Rua Kida, 191 - Guarulhos - São Paulo,Rodovia Armínio Guilherme, 82  Ipojuca, PE,Est. Vargem do João Pinto, Fazenda Matão Gleba 2, Extrema - MG,Cidade de Cariacica, n° 10.288, km 290, RD. Governador Mario Covas - ES,Rodovia Fernão Dias, km 933, Extrema - MG,Rodovia Br 316 - KM 23/24
Bairro Campestre - Benevides/PA,Município de Serra, no estado do Espírito Santo,R. Almerim, 100, Guarulhos - SP, Rodovia BR-493 (RioMagé), km 3,5, Duque de Caxias - RJ,Rodovia Fernão Dias, km 891,5, Extrema - MG,Rodovia Castello Branco, km 57, em São Roque, SP"
VINO11,Lajes Corporativas,"6,13","9,42%",10.89,"0,57",507.725.000,1045360.0,10,"7.414,14","1.139,65","15,37%","2,20%","Rua Mourato Coelho, 1404, na Vila Madalena, São Paulo/SP.,Alameda Araguaia, 617, Alphaville, Barueri/SP,Av. Bartolomeu Mitre, 336 CEP: 22.431-002 Rio de Janeiro - RJ - Brasil,Rua Oscar Freire, 585, Jardim Paulista, São Paulo/SP,Rua Cardeal Arcoverde nº 563, São Paulo - SP,Largo do Ibam, 1, Humaitá, Rio de Janeiro/RJ,Rua Evandro Carlos de Andrade, 160, São Paulo - SP,Rua Haddock Lobo, nº 347, São Paulo - SP,Rua Jaceru, 154, Vila Gertrudes, São Paulo/SP,Rua Corá, 2175, São Paulo/SP"
VISC11,Shoppings,"112,75","6,78%",9.71,"0,89",3.250.430.000,6096240.0,29,"3.184,58","247,76","7,78%","5,47%","Rua Barão de São Francisco, 236 - Rio de Janeiro/RJ,Av. Manoel Goulart, 2400 - Jardim das Rosas - Presidente Prudente - SP,Rodovia RSC 453, 2780 - Desvio Rizzo, Caixas do Sul - RS ,Trav. Padre Eutíquio, 1078  Belém - PA,Avenida Governador Agamenon Magalhães, 153 - Sto Amaro, Recife - PE,Avenida Senador Salgado Filho, 2234 - Natal, RN,Avenida Luiz Viana, 8544 - Salvador - BA,Avenida Geremario Dantas, 404 - Rio de Janeiro - RJ,Rodovia Raposo Tavares, 23.500 - Lageadinho, Cotia-SP ,SDN, CNB - Asa Norte, Brasilia - DF,Av. Pereira Barreto, 42 - Santo André - SP,Estrada do Mendanha, 450 / 550 e 555  Rio de Janeiro  RJ,Praça Leonor Kaupa, 100 - Jardim da Saúde, São Paulo - SP,Av. Washington Soares, 4335 - Lagoa Sapiranga - Fortaleza - CE,Av. Carlos Jereissati, 100 - Maracanaú/CE,Avenida Doutor Olivio Lira, 353 - Praia da Costa, Vila Velha/ES,Av. Maestro Paulo e Silva, 400 - Rio de Janeiro - RJ,Av. Washington Soares, 85 - Edson Queiroz, Fortaleza - CE,Rua Jacy Teixeireira de Camargo, 940 - Campinas/SP,Rua Comendador Araujo, 731 - Curitiba - PR,Rua Fonseca, 240 - Bangu, Rio de Janeiro - RJ,Av. Prefeito Chiquilito Erse, 3288 - Porto Velho/RO,Av. Madre Benvenuta, 687 - Santa Mônica, Trindade - Florianópolis - SC,Av. Historiador Rubens de Mendonça (Av. CPA), 3300 - Cuiabá/MT,Avenida Coronel Fernando Ferreira Leite nº 1.540 - Ribeirão Preto/SP,Av. Cristiano Machado, 4000 - União - Belo horizonte - MG,Estr. do Portela, 222 - Madureira, Rio de Janeiro  RJ,Av Vicente de Carvalho, 909 - Vila da Penha - RJ,Avenida Sete de Setembro nº 2.775 - Curitiba - PR"
VRTA11,Títulos e Val. Mob.,"89,45","10,66%",10.22,"0,98",1.394.740.000,1653100.0,0,"0,00","0,00","0,00%","0,00%",
VVMR11,Híbrido,"90,00","6,45%",6.62,"0,80",249.498.000,987007.0,5,"8.228,17","670,09","8,14%","2,83%","Rua Pequetita, 111, Cidade de São Paulo/SP,Avenida Armando Lombardi, 400 Rio de Janeiro - RJ, Avenida Pereira Barreto nº 1.479, São Bernardo do Campo/SP, Av. Domingos Odália Filho, 301, Cidade de Osasco/SP, Av. Ayrton Senna, 2.500, Barra da Tijuca, na Cidade do Rio de Janeiro/RJ"
WHGR11,Híbrido,"9,77","10,25%",11.45,"1,01",294.849.000,396557.0,0,"0,00","0,00","0,00%","0,00%",
XPCA11,Títulos e Val. Mob.,"8,92","13,88%",13.46,"0,94",406.066.000,1263150.0,0,"0,00","0,00","0,00%","0,00%",
XPCI11,Títulos e Val. Mob.,"87,91","11,72%",12.36,"0,97",764.953.000,1720390.0,0,"0,00","0,00","0,00%","0,00%",
XPIN11,Outros,"78,05","9,01%",9.88,"0,74",558.090.000,572584.0,96,"2.124,29","221,02","10,40%","12,82%","Rodovia Anhanguera, km 61 - Bairro castanho,Estrada Municipal Alberto Tofanin, km 5,5, Bairro do Pinha,Rod Dom Pedro I, km 87,5, Ponte Alta, 12954-261,Avenida Tégula, 888, bairro Ponte Alta,Estrada Municipal Alberto Tofanin, km 5,5, Bairro do Pinhal, Atibaia / Jarinú, SP
Estrada Municipal Al,Rua Kanebo, 175, bairro Distrito Federal,Rodovia Anhanguera, km 61 - Bairro castanho,Estrada Municipal Alberto Tofanin, km 5,5, Bairro do Pinhal,Rod Dom Pedro I, km 87,5, Ponte Alta, 12954-275,Av. Tégula, 888, Ponte Alta, 12952-824,Rodovia Dom Pedro I, km 90,Rua Kanebo, 175, bairro Distrito Federal,Rua Kanebo, 175, bairro Distrito Federal,Estrada Municipal Alberto Tofanin, km 5,5, Bairro do Pinhal,Rod Dom Pedro I, km 87,5, Ponte Alta, 12954-275,Av. Tégula, 888, Ponte Alta, 12952-824,Rodovia Dom Pedro I, km 90,Rua Kanebo, 175, bairro Distrito Federal,Estrada Municipal Alberto Tofanin, km 5,5, Bairro do Pinhal,Rod Dom Pedro I, km 87,5, Ponte Alta, 12954-275,Rod Dom Pedro I, km 87,5, Ponte Alta, 12954-261,Estrada Luiz Lopes Neto, 738, Extrema - MG, CEP: 12954-260,Rua Kanebo, 175, bairro Distrito Federal,Rua Kanebo, 175, bairro Distrito Federal,Rod Dom Pedro I, km 87,5, Ponte Alta, 12954-261,Rod Dom Pedro I, km 87,5, Ponte Alta, 12954-278,Rod Dom Pedro I, km 87,5, Ponte Alta, 12954-261,Avenida Tégula, 888, Atibaia - SP, CEP: 12952-820,Rua Kanebo, 175, bairro Distrito Federal,Rua Kanebo, 175, bairro Distrito Federal,Rod Dom Pedro I, km 87,5, Ponte Alta, 12954-261,Rod Dom Pedro I, km 87,5, Ponte Alta, 12954-273,Rod Dom Pedro I, km 87,5, Ponte Alta, 12954-261,Avenida Tégula, 888, bairro Ponte Alta,Estrada Municipal Alberto Tofanin, km 5,5, Bairro do Pinhal, Atibaia / Jarinú, SP
Estrada Municipal Al,Rua Kanebo, 175, bairro Distrito Federal,Rodovia Anhanguera, km 61 - Bairro castanho,Estrada Municipal Alberto Tofanin, km 5,5, Bairro do Pinhal,Rod Dom Pedro I, km 87,5, Ponte Alta, 12954-275,Av. Tégula, 888, Ponte Alta, 12952-826,Estrada Municipal Alberto Tofanin, km 5,5, Bairro do Pinhal, Atibaia / Jarinú, SP
Estrada Municipal Al,Rua Kanebo, 175, bairro Distrito Federal,Rua Kanebo, 175, bairro Distrito Federal,Estrada Municipal Alberto Tofanin, km 5,5, Bairro do Pinhal,Rod Dom Pedro I, km 87,5, Ponte Alta, 12954-275,Av. Tégula, 888, Ponte Alta, 12952-824,Rodovia Dom Pedro I, km 90,Rua Kanebo, 175, bairro Distrito Federal,Estrada Municipal Alberto Tofanin, km 5,5, Bairro do Pinhal,Rod Dom Pedro I, km 87,5, Ponte Alta, 12954-275,Av. Tégula, 888, Ponte Alta, 12952-823,Rodovia Dom Pedro I, km 90,Rua Kanebo, 175, bairro Distrito Federal,Rua Kanebo, 175, bairro Distrito Federal,Estrada Municipal Alberto Tofanin, km 5,5, Bairro do Pinhal,Rod Dom Pedro I, km 87,5, Ponte Alta, 12954-274,Rod Dom Pedro I, km 87,5, Ponte Alta, 12954-261,Av. Tégula, 888, Ponte Alta, 12952-820,Rua Kanebo, 175, bairro Distrito Federal,Rua Kanebo, 175, bairro Distrito Federal,Rod Dom Pedro I, km 87,5, Ponte Alta, 12954-261,Rod Dom Pedro I, km 87,5, Ponte Alta, 12954-273,Rod Dom Pedro I, km 87,5, Ponte"
XPLG11,Logística,"103,24","8,20%",7.94,"0,91",3.057.270.000,3986890.0,16,"3.144,27","270,97","8,62%","3,62%","km 26 + 175,35m e o km 25 + 759,35m da Rodovia Anhanguera,Rodovia RS118, km 11, Gravataí - RS,Rod. dos Bandeirantes, km 34 - Cajamar, SP,Via Jose Luiz Galvão, 1905 - Ribeirão Preto - SP,ROD BR101, Sul Km 96,4, 5.225 - Cabo de Santo Agostinho, PE,Avenida Ceci, 1649 - Barueri - SP,Estrada Tenente Marques, 1818 - Santana de Parnaiba - SP,Avenida Osvaldo José do Amaral, SN - Areias São José - SC,Av. SN 1, 280 - Parque Duque. Rio de Janeiro - RJ,Avenida Osvaldo José do Amaral, SN - Areias São José - SC,Rua Lennie Queiroz, 333 - Cachoeirinha - RS,Avenida OL-1 -Duque de Caxias, RJ,Estrada Municipal do Mandu, 2550 - Itapeva - MG,Bairro dos Tenentes no Município de Extrema/MG ,Rua Joao de Padula, 245 - Americana - SP,Rod. dos Bandeirantes, km 34 - Cajamar, SP"
XPML11,Shoppings,"112,00","6,15%",9.8,"1,01",6.195.860.000,13347200.0,20,"4.071,25","351,16","8,63%","5,45%","Avenida Paulista 1230, São Paulo, SP, 01310-100,R. Conselheiro Moreira de Barros, 2.780, Lauzane Paulista, SP, 02430-001,Av Industrial. 600,Rodovia Castelo Branco km 60, São Roque, SP, 18147-000, Av. Praia de Belas, 1181 - Praia de Belas, Porto Alegra - RS,90110-001,Av. Coronel Teixeira, 5705, Ponta Negra, Manaus, AM, 69037-000,Av Cruzeiro do Sul. 1100,Av Anhanguera. 10790,Av. Sen. Salgado Filho 2234, Natal, RN, 59064-900,Rodovia Washington Luiz, 2895, Sem Complemento, Parque Duque, Duque De Caxias/RJ, Brasil, 25085-008, Alameda Euvaldo Luz, 92, Horto, Salvador, BA, 41098-020,Av Raimundo Pereira de Magalhães. 1465,Av. Tancredo Neves, 148, Caminho das Árvores - Salvador - BA, 41100-800,Av. Magalhaes de Castro 12000, São Paulo, SP, 05502-001,Praça Leonor Kaupa 100, São Paulo, SP, 04151-100,Avenida das Américas 500, Barra da Tijuca, Rio de Janeiro, RJ, 59064-900, Av. Sete de Setembro, 2775 - Rebouças, Curitiba - PR, 80230-010,Av Paulo Gracindo. 15, R. Jacy Teixeira de Camargo, 940 - Jardim do Lago, Campinas - SP, 13050-913,Av Embaixador Abelardo Bueno. 1300"
XPSF11,Títulos e Val. Mob.,"7,55","10,71%",11.11,"0,91",326.931.000,489657.0,0,"0,00","0,00","0,00%","0,00%",
